Country,Code,Year,GDP,Growth,CPI,Imports,Exports,Population
Afghanistan,AFG,1960,537777811.111111,NA,NA,7.02479336623182,4.13223321494422,8996351
Afghanistan,AFG,1961,548888895.555556,NA,NA,8.09716629841498,4.45344326574765,9166764
Afghanistan,AFG,1962,546666677.777778,NA,NA,9.34959330590257,4.87805112036481,9345868
Afghanistan,AFG,1963,751111191.111111,NA,NA,16.8639103340214,9.171601094149,9533954
Afghanistan,AFG,1964,800000044.444444,NA,NA,18.0555553858025,8.88889256172819,9731361
Afghanistan,AFG,1965,1006666637.77778,NA,NA,21.4128034842526,11.2582791310323,9938414
Afghanistan,AFG,1966,1399999966.66667,NA,NA,18.571428537415,8.57142877551021,10152331
Afghanistan,AFG,1967,1673333417.77778,NA,NA,14.2098270385479,6.77290842314672,10372630
Afghanistan,AFG,1968,1373333366.66667,NA,NA,15.2103564269331,8.89967664482985,10604346
Afghanistan,AFG,1969,1408888922.22222,NA,NA,14.9842272480072,10.0946369851427,10854428
Afghanistan,AFG,1970,1748886595.55556,NA,NA,11.9441077843955,9.78400228346932,11126123
Afghanistan,AFG,1971,1831108971.11111,NA,NA,16.1407951985264,10.922342255116,11417825
Afghanistan,AFG,1972,1595555475.55556,NA,NA,18.1058497936081,14.7632312416105,11721940
Afghanistan,AFG,1973,1733333264.44444,NA,NA,14.7435907141683,12.9487180787311,12027822
Afghanistan,AFG,1974,2155555497.77778,NA,NA,14.8453612226592,14.0206189325114,12321541
Afghanistan,AFG,1975,2366666615.55556,NA,NA,14.2723007777117,12.6760568934735,12590286
Afghanistan,AFG,1976,2555555566.66667,NA,NA,14.8695654136106,13.2173912468809,12840299
Afghanistan,AFG,1977,2953333417.77778,NA,NA,14.8231754979077,11.6629043316852,13067538
Afghanistan,AFG,1978,3300000108.88889,NA,NA,13.8720537510231,10.8417502819894,13237734
Afghanistan,AFG,1979,3697940409.61098,NA,NA,NA,NA,13306695
Afghanistan,AFG,1980,3641723321.99546,NA,NA,NA,NA,13248370
Afghanistan,AFG,1981,3478787909.09091,NA,NA,NA,NA,13053954
Afghanistan,AFG,1982,NA,NA,NA,NA,NA,12749645
Afghanistan,AFG,1983,NA,NA,NA,NA,NA,12389269
Afghanistan,AFG,1984,NA,NA,NA,NA,NA,12047115
Afghanistan,AFG,1985,NA,NA,NA,NA,NA,11783050
Afghanistan,AFG,1986,NA,NA,NA,NA,NA,11601041
Afghanistan,AFG,1987,NA,NA,NA,NA,NA,11502761
Afghanistan,AFG,1988,NA,NA,NA,NA,NA,11540888
Afghanistan,AFG,1989,NA,NA,NA,NA,NA,11777609
Afghanistan,AFG,1990,NA,NA,NA,NA,NA,12249114
Afghanistan,AFG,1991,NA,NA,NA,NA,NA,12993657
Afghanistan,AFG,1992,NA,NA,NA,NA,NA,13981231
Afghanistan,AFG,1993,NA,NA,NA,NA,NA,15095099
Afghanistan,AFG,1994,NA,NA,NA,NA,NA,16172719
Afghanistan,AFG,1995,NA,NA,NA,NA,NA,17099541
Afghanistan,AFG,1996,NA,NA,NA,NA,NA,17822884
Afghanistan,AFG,1997,NA,NA,NA,NA,NA,18381605
Afghanistan,AFG,1998,NA,NA,NA,NA,NA,18863999
Afghanistan,AFG,1999,NA,NA,NA,NA,NA,19403676
Afghanistan,AFG,2000,NA,NA,NA,NA,NA,20093756
Afghanistan,AFG,2001,NA,NA,NA,NA,NA,20966463
Afghanistan,AFG,2002,4055179566.34981,NA,NA,70.3293615651536,32.7798412726062,21979923
Afghanistan,AFG,2003,4515558808.10994,8.83227780370231,NA,71.9935934893108,44.3689481305496,23064851
Afghanistan,AFG,2004,5226778808.89209,1.41411798021916,63.5233948093157,60.6639232936629,30.9215873752968,24118979
Afghanistan,AFG,2005,6209137624.77181,11.2297148388595,71.5821433759539,70.7746463367921,28.448347745716,25070798
Afghanistan,AFG,2006,6971285594.68013,5.35740324754602,76.4387030058668,74.5044012766033,25.3178084241677,25893450
Afghanistan,AFG,2007,9747879531.86311,13.8263195390595,83.0740187275294,62.2757565321969,19.1176988860867,26616792
Afghanistan,AFG,2008,10109225813.6696,3.92498382284523,105.021064735005,73.1213663789153,26.9485914693821,27294031
Afghanistan,AFG,2009,12439087076.7667,21.390528405312,97.8679108385313,66.6645503895639,22.7003233834436,28004331
Afghanistan,AFG,2010,15856574731.4411,14.3624414596815,100,62.750313922893,18.5741706990603,28803167
Afghanistan,AFG,2011,17804292964.1045,0.426354792856571,111.804185808913,66.8747089278908,21.9049520576614,29708599
Afghanistan,AFG,2012,19907317065.6667,12.7522870825788,119.005731346616,62.6202604187822,18.9665412856843,30696958
Afghanistan,AFG,2013,20561069558.2152,5.60074466131904,127.795223073732,55.1523271838943,19.5915817114032,31731688
Afghanistan,AFG,2014,20484885119.7348,2.72454336495028,133.768366733582,51.4135473635928,15.7823773876924,32758020
Afghanistan,AFG,2015,19907111418.9938,1.45131465458005,132.883209191418,43.4375425849813,11.6879840129778,33736494
Afghanistan,AFG,2016,19046357714.4928,2.2603142045464,138.708665508891,41.7256945837374,5.93336084187306,34656032
Afghanistan,AFG,2017,19543976895.4248,2.66529204636834,145.610741438593,45.3320652802564,5.90481551542003,35530081
Bangladesh,BGD,1960,4274893913.49536,NA,NA,9.30725837281466,9.99668529799247,48199747
Bangladesh,BGD,1961,4817580183.60155,6.05816082548087,NA,11.6999989681888,10.7823534063335,49592802
Bangladesh,BGD,1962,5081413339.78635,5.45303096987186,NA,10.8080969923682,10.7467512833228,51030137
Bangladesh,BGD,1963,5319458351.16235,-0.455894289938712,NA,11.6562779409751,9.98348512216025,52532417
Bangladesh,BGD,1964,5386054619.34987,10.9527885460418,NA,14.1218553939094,10.0284124165217,54129100
Bangladesh,BGD,1965,5906636557.00092,1.60625822891573,NA,13.3665973042485,9.66271640919628,55834038
Bangladesh,BGD,1966,6439687598.32325,2.56681200128052,NA,12.6518221475519,10.2842808274445,57672990
Bangladesh,BGD,1967,7253575399.3215,-1.87586391964774,NA,12.5957179860198,9.30614212330159,59620669
Bangladesh,BGD,1968,7483685473.51275,9.48945401547951,NA,11.606331446801,8.33080893013733,61579473
Bangladesh,BGD,1969,8471006100.95399,1.22085790909685,NA,11.6653287574603,8.14599241256528,63417394
Bangladesh,BGD,1970,8992721809.39332,5.61985229280111,NA,12.5074840612315,8.31311289260521,65047770
Bangladesh,BGD,1971,8751842839.79658,-5.47948302721956,NA,10.7275845200351,6.29148731724424,66424744
Bangladesh,BGD,1972,6288245866.66667,-13.9737287020439,NA,13.7325591531154,5.6747304028231,67597470
Bangladesh,BGD,1973,8086725729.3407,3.32568019878394,NA,11.8552471769742,6.53940933400325,68691185
Bangladesh,BGD,1974,12512460519.7088,9.59195630041845,NA,10.348545600697,3.70107546471338,69884420
Bangladesh,BGD,1975,19448348073.4565,-4.08821409181661,NA,8.10054723852476,2.89507889386174,71305923
Bangladesh,BGD,1976,10117113333.3333,5.66136120119667,NA,17.6361931614715,4.74608176819018,72999136
Bangladesh,BGD,1977,9651149301.8746,2.67305605001984,NA,12.3814462328921,7.04075196547742,74925896
Bangladesh,BGD,1978,13281767142.8571,7.07383773260692,NA,15.4808518001798,5.55766316100946,77033846
Bangladesh,BGD,1979,15565480321.9448,4.80163460055662,NA,15.7978440622703,6.1092194808131,79236776
Bangladesh,BGD,1980,18138049095.6072,0.81914186889891,NA,17.8829473211837,5.49428379105126,81470860
Bangladesh,BGD,1981,20249694002.448,7.23394369490723,NA,14.1162959381045,5.13086315280464,83721268
Bangladesh,BGD,1982,18525399201.5968,2.13432783577075,NA,15.5316243276076,5.07529986612759,86007331
Bangladesh,BGD,1983,17609048821.5488,3.88104639981715,NA,14.7130315900677,5.60384903116941,88338242
Bangladesh,BGD,1984,18920840000,4.80331001525438,NA,13.4154720403534,3.39625513455005,90732362
Bangladesh,BGD,1985,22278423076.9231,3.34201465415414,NA,12.8377060246289,5.38447860037049,93199865
Bangladesh,BGD,1986,21774033333.3333,4.173382559004,24.2800028287658,11.8358105449764,5.18293196330185,95742431
Bangladesh,BGD,1987,24298032258.0645,3.77240185252705,26.6775793190573,11.6977479923371,4.99004963895921,98343809
Bangladesh,BGD,1988,26579005760.3486,2.41625685566223,28.6551258370912,12.2497633446486,5.42830096531266,100975321
Bangladesh,BGD,1989,28781714763.8012,2.83658212907926,30.3874656686181,12.7850303011279,5.54014371794136,103599232
Bangladesh,BGD,1990,31598341233.559,5.62225816160702,32.2492201402459,13.0581855259296,5.90831648660892,106188642
Bangladesh,BGD,1991,30957483949.5798,3.4852278153552,34.299420491319,12.2272149164418,6.66261196863293,108727432
Bangladesh,BGD,1992,31708874594.1645,5.44268555072129,35.5458878143966,12.3473285920799,7.58667691037111,111221938
Bangladesh,BGD,1993,33166519417.9894,4.71156172449447,36.6175318517239,14.1043140341485,9.01726903574974,113695139
Bangladesh,BGD,1994,33768660882.793,3.89012644065643,38.5632923178032,13.864320908288,9.00154364628231,116182267
Bangladesh,BGD,1995,37939748768.6567,5.12127789716162,42.5344675825385,17.3448618625588,10.864634213863,118706871
Bangladesh,BGD,1996,46438484107.5795,4.52291921762344,43.545566759,16.3695800738575,9.70650764952346,121269645
Bangladesh,BGD,1997,48244309133.4895,4.48989649735631,45.8559208091063,15.8051428327327,10.5203705573506,123854640
Bangladesh,BGD,1998,49984559471.3656,5.17702687345256,49.708844392463,16.1227321741207,11.7573312287186,126447965
Bangladesh,BGD,1999,51270569883.5275,4.67015636827865,52.7444123541293,16.6292981713845,11.7586423857313,129029691
Bangladesh,BGD,2000,53369787318.6245,5.2932947184604,53.9091441150379,16.9775131339119,12.3442012279919,131581243
Bangladesh,BGD,2001,53991289844.3291,5.07728777597312,54.9911943003265,18.7114578649468,13.3865592080649,134107160
Bangladesh,BGD,2002,54724081490.5102,3.83312394005608,56.8238115576626,16.557411788963,12.4099689322019,136600667
Bangladesh,BGD,2003,60158929188.2556,4.73956739916446,60.0449873584211,16.2267362042167,11.4311486959413,139019001
Bangladesh,BGD,2004,65108544250.0425,5.2395329104527,64.6009226216381,15.7117252031078,11.1465089461353,141307489
Bangladesh,BGD,2005,69442943089.4309,6.53594494052352,69.1531029680564,20.0040929665367,14.3928418979283,143431101
Bangladesh,BGD,2006,71819083683.7403,6.67190498148148,73.8314909913831,21.7584608673034,16.3534635652888,145368004
Bangladesh,BGD,2007,79611888213.148,7.0585993565727,80.5553137783967,22.9470478066831,16.9953348464905,147139191
Bangladesh,BGD,2008,91631278239.3237,6.01378975923306,87.7263034206632,24.9620555504832,17.6588584820757,148805814
Bangladesh,BGD,2009,102477791472.39,5.04512479417738,92.484115240665,23.1526633174097,16.9401329056133,150454708
Bangladesh,BGD,2010,115279077465.226,5.57180227396866,100,21.7787299851405,16.0241126856916,152149102
Bangladesh,BGD,2011,128637938711.386,6.46438388047517,111.39516515524,27.4987748801959,19.9220749554939,153911916
Bangladesh,BGD,2012,133355749482.478,6.52143507837333,118.321164250415,27.9493338841896,20.1615888634893,155727053
Bangladesh,BGD,2013,149990451022.29,6.01361036536019,127.231228786487,26.7585286136071,19.5378741103687,157571292
Bangladesh,BGD,2014,172885454931.453,6.06105935903958,136.1273400133,25.5244202017989,18.9896599950107,159405279
Bangladesh,BGD,2015,195078678697.23,6.55265279631962,144.558850888013,24.7493225204896,17.3366737865485,161200886
Bangladesh,BGD,2016,221415188000.475,7.1134894741232,152.529140322278,21.3045813926876,16.6497149603036,162951560
Bangladesh,BGD,2017,249723862487.361,7.28418409195113,161.226458913586,20.2678924628174,15.0361076278794,164669751
Bhutan,BTN,1960,NA,NA,NA,NA,NA,223288
Bhutan,BTN,1961,NA,NA,NA,NA,NA,228918
Bhutan,BTN,1962,NA,NA,NA,NA,NA,234706
Bhutan,BTN,1963,NA,NA,NA,NA,NA,240778
Bhutan,BTN,1964,NA,NA,NA,NA,NA,247325
Bhutan,BTN,1965,NA,NA,NA,NA,NA,254464
Bhutan,BTN,1966,NA,NA,NA,NA,NA,262244
Bhutan,BTN,1967,NA,NA,NA,NA,NA,270622
Bhutan,BTN,1968,NA,NA,NA,NA,NA,279515
Bhutan,BTN,1969,NA,NA,NA,NA,NA,288774
Bhutan,BTN,1970,NA,NA,NA,NA,NA,298301
Bhutan,BTN,1971,NA,NA,NA,NA,NA,308053
Bhutan,BTN,1972,NA,NA,NA,NA,NA,318045
Bhutan,BTN,1973,NA,NA,NA,NA,NA,328312
Bhutan,BTN,1974,NA,NA,NA,NA,NA,338943
Bhutan,BTN,1975,NA,NA,NA,NA,NA,349982
Bhutan,BTN,1976,NA,NA,NA,NA,NA,361455
Bhutan,BTN,1977,NA,NA,NA,NA,NA,373324
Bhutan,BTN,1978,NA,NA,NA,NA,NA,385384
Bhutan,BTN,1979,NA,NA,NA,NA,NA,397390
Bhutan,BTN,1980,135653295.165394,NA,13.9417866251377,37.7027613708762,13.6452108254945,409172
Bhutan,BTN,1981,146391639.722864,13.9077290356395,15.3266441313596,48.038590525147,15.4399331856493,420380
Bhutan,BTN,1982,148934334.038055,3.41394147506642,16.8446610131797,47.6961482805113,13.6977375843093,431050
Bhutan,BTN,1983,165585940.594059,11.3107136184646,19.88069477682,45.7720498105139,12.0591861603977,441847
Bhutan,BTN,1984,169264991.197183,4.48210512922356,21.2788682206017,45.1303983466628,12.9308038176451,453720
Bhutan,BTN,1985,172217502.021019,4.21177503633371,21.6783463473965,51.1376051744084,14.9929787889719,467178
Bhutan,BTN,1986,201375725.614592,11.7305766311607,23.8355282320883,52.4213322640824,17.6309043750957,482952
Bhutan,BTN,1987,253182453.703704,28.6962653616001,25.3535451139084,38.0913388779367,23.5471625614256,500437
Bhutan,BTN,1988,283855833.333333,4.98728969866838,27.910205125395,49.1163202787395,28.0727234958089,517273
Bhutan,BTN,1989,275949889.09427,7.43262644625811,30.360337636403,37.9675495834508,28.0478562961606,530257
Bhutan,BTN,1990,299787275.842376,10.8764346909591,33.3963714000433,30.6526127645203,26.8303707909999,537280
Bhutan,BTN,1991,250045839.929639,-0.407876088864342,37.4976801684696,40.1228101992345,32.1582195728966,537284
Bhutan,BTN,1992,250794359.567901,4.60089143184629,43.4898520703913,55.9038504475394,31.9864822111987,531525
Bhutan,BTN,1993,235239570.350935,1.9863665899687,48.3634852172875,44.0936209494253,31.5684121802376,523117
Bhutan,BTN,1994,270801565.189672,4.95150367020483,51.7457333574833,39.4260414226641,29.5287425843095,516503
Bhutan,BTN,1995,303053462.843047,7.07411727794511,56.659314317059,42.6295263957338,37.7689358057924,514877
Bhutan,BTN,1996,316420860.852385,5.56517286212046,61.6394749644339,45.6683204096096,35.4881289332026,519282
Bhutan,BTN,1997,365964500.137703,5.37383851914481,65.6542301387214,46.1159778874008,35.9047155549097,528754
Bhutan,BTN,1998,376955087.251575,5.91403083461985,72.5984915761706,49.4175883883815,33.1000112909481,542155
Bhutan,BTN,1999,419035810.496981,7.98397202183317,77.5187305045262,50.7011817211144,31.1144920421453,557543
Bhutan,BTN,2000,439158233.199822,6.93302423977509,80.6280019247456,48.2876189635561,29.3772262558174,573416
Bhutan,BTN,2001,476360697.181606,8.20377386131203,83.3777430308496,47.7481544453203,26.2861735036328,589600
Bhutan,BTN,2002,537050133.717342,10.7278406117878,85.4483713214025,49.3287165670338,23.8715499463399,606399
Bhutan,BTN,2003,622026107.771576,7.66433404214091,86.786623046165,50.8283390210983,25.5290743475142,623434
Bhutan,BTN,2004,702682018.976169,5.89640819205567,71.0707544763556,62.1644178212647,31.0274938861079,640282
Bhutan,BTN,2005,818869145.124717,7.12255964997142,74.8456868846605,64.4483312148531,38.2497417564353,656639
Bhutan,BTN,2006,897731524.929922,6.84936593196244,78.5883113128943,59.1778616605768,54.4194434186474,672228
Bhutan,BTN,2007,1196091805.02316,17.9258249448258,82.6404121818089,57.2955151670145,54.9685607191533,686958
Bhutan,BTN,2008,1258332337.28382,4.768354225598,89.5220119369484,57.9591918749087,48.7902601198305,700950
Bhutan,BTN,2009,1264758197.96593,6.65722379603399,93.4261762655376,62.2041456363013,44.7019813462701,714458
Bhutan,BTN,2010,1585472534.10547,11.7308543603364,100,70.7312026704553,42.4527911499786,727641
Bhutan,BTN,2011,1820207625.80217,7.89091389329108,108.848985699468,70.4861683343143,41.2054149499706,740510
Bhutan,BTN,2012,1823692109.61652,5.07170981496216,120.734921525617,63.0385929627616,38.7253342636964,752967
Bhutan,BTN,2013,1798333725.83954,2.14249655359879,129.194415027179,62.275570705192,40.4599044965572,764961
Bhutan,BTN,2014,1958819095.68324,5.74545516756977,139.880163824499,57.3380065790712,36.2846525284253,776448
Bhutan,BTN,2015,2059809919.89325,6.64456425820161,146.242115033883,63.1988515727779,33.2193600882453,787386
Bhutan,BTN,2016,2219675780.89539,8.02210122067797,152.545396982805,50.2740588144506,27.4157037214038,797765
Bhutan,BTN,2017,2528007911.35353,4.62910139072935,158.430903543195,49.5533863879225,29.0919497737686,807610
India,IND,1960,36535925031.34,NA,2.52748668877309,6.90979952297875,4.51004475733941,449480608
India,IND,1961,38709096075.6305,3.72274253269802,2.57033297015632,6.02394006423859,4.34879810440548,458494963
India,IND,1962,41599070242.3094,2.93112773665997,2.66369298910469,6.09900552554242,4.21277302424343,467852537
India,IND,1963,47776000900.0302,5.99435326095107,2.74216968261487,5.97263288425928,4.32547279977723,477527970
India,IND,1964,55726873083.5543,7.45295012232985,3.10839360492658,5.7483250518643,3.7646904609763,487484535
India,IND,1965,58760424669.8482,-2.63577010985354,3.40290639507342,5.26961511165296,3.34221988944031,497702365
India,IND,1966,45253641303.1897,-0.0553287698313909,3.77048318332544,6.74600525303779,4.18607079315179,508161935
India,IND,1967,49466168890.9507,7.82596303033046,4.26299133112269,6.01285925887526,4.07682941010105,518889779
India,IND,1968,52377324284.1951,3.38792917600284,4.40100194220748,4.99803508973889,4.08120086799565,529967317
India,IND,1969,57668330026.3629,6.53970029628042,4.37529407863572,4.07583589412231,3.75285910514886,541505076
India,IND,1970,61589800519.5084,5.15722973608266,4.59809549976314,3.92215327895035,3.82256604906608,553578513
India,IND,1971,66452561865.8332,1.64293038388736,4.73971402179062,4.04698557858888,3.70573154399163,566224812
India,IND,1972,70509913049.4003,-0.553301312377457,5.04505101847466,3.7502252674496,4.06980060188705,579411513
India,IND,1973,84374541630.2062,3.29552113522415,5.89972382756987,4.77594778758906,4.25297893074129,593058926
India,IND,1974,98198276856.6209,1.18533626033926,7.58697015632402,6.08763461054306,4.88207710819158,607050255
India,IND,1975,97159222024.1364,9.14991201480635,8.02310184746565,6.72095852631961,5.70638814312491,621301720
India,IND,1976,101346972433.934,1.66310363661313,7.41062245381336,6.182804019605,6.75675893878404,635771734
India,IND,1977,119866746574.408,7.25476458583543,8.02625769777357,6.3347167018173,6.45023109996077,650485030
India,IND,1978,135468782808.69,5.71253208900106,8.22876409284699,6.66157486927102,6.38116649653659,665502284
India,IND,1979,150950826964.424,-5.23818270278909,8.74517527238276,8.26016575680837,6.8205474058649,680915804
India,IND,1980,183839864649.15,6.73582152799872,9.73740928469919,9.34800949624202,6.20405102774375,696783517
India,IND,1981,190909548789.769,6.00620362381703,11.0142316437707,8.66671634451481,5.99838836761016,713118032
India,IND,1982,198037712681.605,3.47573324031281,11.8833363334912,8.23333166175966,6.04615822512264,729868013
India,IND,1983,215350771428.331,7.28889290124626,13.2936603505448,7.94044155447146,5.89895744000615,746949067
India,IND,1984,209328156800.867,3.82073785597316,14.3995476077688,7.81203705549086,6.34941252729331,764245202
India,IND,1985,229410293759.071,5.25429922330902,15.1996475603979,7.73064705657655,5.30975744379299,781666671
India,IND,1986,245664654062.873,4.77656417048912,16.5265343439128,7.10128260767819,5.25081127894385,799181436
India,IND,1987,275311425331.64,3.96535563390637,17.9810554239697,7.05798856498062,5.66346057644437,816792741
India,IND,1988,292632656262.687,9.62778291984768,19.6683027001421,7.5382769452948,6.0986235830226,834489322
India,IND,1989,292093308319.642,5.94734332826579,21.0596935101847,8.24280999294237,7.08983919592646,852270034
India,IND,1990,316697337894.513,5.53345456306464,22.9490075793463,8.54707139874579,7.12745017151666,870133480
India,IND,1991,266502281092.721,1.05683143315218,26.1320914258645,8.58809787834483,8.58347818048616,888054875
India,IND,1992,284363884079.92,5.48239602145289,29.2124945523449,9.69700061102241,8.93582750579552,906021106
India,IND,1993,275570363432.31,4.75077621976337,31.0607370914259,9.92668113709938,9.9375321741942,924057817
India,IND,1994,322909902308.131,6.65892406735311,34.2438214116532,10.3035703223586,9.99196554750069,942204249
India,IND,1995,355475984176.175,7.57449184038397,37.7452131691142,12.1574146938281,10.9578908265901,960482795
India,IND,1996,387656017799.599,7.54952224890152,41.1336584557082,11.672915058235,10.4942720905624,978893217
India,IND,1997,410320300471.227,4.04982084901742,44.0805774514448,12.0615474349555,10.8030301137676,997405318
India,IND,1998,415730874172.06,6.18441582047615,49.9128076740881,12.8222592854002,11.1342252167354,1015974042
India,IND,1999,452699998386.955,8.84575556126177,52.2436461392705,13.5123948010165,11.5723758466111,1034539214
India,IND,2000,462146799336.77,3.84099115675511,54.3383216485078,14.0585649355121,13.1337805582626,1053050912
India,IND,2001,478965491061.694,4.82396626409319,56.3919261013737,13.5845311902501,12.690313411804,1071477855
India,IND,2002,508068952065.959,3.80397532130318,58.815172903837,15.4140907047541,14.414240364224,1089807112
India,IND,2003,599592902016.212,7.86038147554173,61.0535954523922,15.8187924273513,15.10495121563,1108027848
India,IND,2004,699688852930.441,7.9229434184356204,63.3536380862151,19.8635185949643,18.0467464473502,1126135777
India,IND,2005,808901077222.092,9.2848246159904,66.0438512553292,22.660940662793,19.824365875368,1144118674
India,IND,2006,920316529729.61,9.26396475888482,69.8720985315016,24.927829443835,21.6641992123274,1161977719
India,IND,2007,1201111768409.39,9.80136033673229,74.3249644718143,25.1510743087586,21.0075932524203,1179681239
India,IND,2008,1186952757635.85,3.89095706246896,80.5305542396968,29.4959395450641,24.2674330627094,1197146906
India,IND,2009,1323940295874.9,8.47978389695572,89.2941733775462,26.1614660296931,20.6155600918422,1214270132
India,IND,2010,1656617073124.21,10.259963064554,100,27.0984453508588,22.5904459041009,1230980691
India,IND,2011,1823049927771.46,6.63836258517259,108.858360966367,31.0834686939585,24.5404113195713,1247236029
India,IND,2012,1827637859135.7,5.45638875297365,118.995736617717,31.2592910673332,24.534430661418,1263065852
India,IND,2013,1856722121394.53,6.38610640094825,131.975367124585,28.4132706461587,25.430861300519,1278562207
India,IND,2014,2039127446298.55,7.41022760508852,140.360018948366,25.9542227389497,22.9679630081172,1293859294
India,IND,2015,2102390808996.69,8.15442502779769,148.60255802937,22.1222536263809,19.8244262849215,1309053980
India,IND,2016,2274229710530.47,7.11268609734361,155.94504973946,21.0342569113177,19.3149223941772,1324171354
India,IND,2017,2600818243559.65,6.68118228178416,159.829464708669,22.0250048515052,19.0453668647114,1339180127
Maldives,MDV,1960,NA,NA,NA,NA,NA,89887
Maldives,MDV,1961,NA,NA,NA,NA,NA,92350
Maldives,MDV,1962,NA,NA,NA,NA,NA,94938
Maldives,MDV,1963,NA,NA,NA,NA,NA,97584
Maldives,MDV,1964,NA,NA,NA,NA,NA,100214
Maldives,MDV,1965,NA,NA,NA,NA,NA,102766
Maldives,MDV,1966,NA,NA,NA,NA,NA,105190
Maldives,MDV,1967,NA,NA,NA,NA,NA,107538
Maldives,MDV,1968,NA,NA,NA,NA,NA,109959
Maldives,MDV,1969,NA,NA,NA,NA,NA,112651
Maldives,MDV,1970,NA,NA,NA,NA,NA,115768
Maldives,MDV,1971,NA,NA,NA,NA,NA,119378
Maldives,MDV,1972,NA,NA,NA,NA,NA,123441
Maldives,MDV,1973,NA,NA,NA,NA,NA,127791
Maldives,MDV,1974,NA,NA,NA,NA,NA,132195
Maldives,MDV,1975,NA,NA,NA,NA,NA,136519
Maldives,MDV,1976,NA,NA,NA,NA,NA,140665
Maldives,MDV,1977,NA,NA,NA,NA,NA,144736
Maldives,MDV,1978,NA,NA,NA,NA,NA,148892
Maldives,MDV,1979,NA,NA,NA,NA,NA,153386
Maldives,MDV,1980,42463576.1589404,NA,NA,205.116968184654,153.543356207112,158385
Maldives,MDV,1981,44781456.9536424,NA,NA,209.015084294587,166.363501922508,163935
Maldives,MDV,1982,47935843.7935844,NA,NA,195.469595577539,159.796915915042,169960
Maldives,MDV,1983,57829787.2340425,NA,NA,166.86902133922,132.630610743194,176356
Maldives,MDV,1984,109503546.099291,NA,NA,86.9378238341969,77.1664507772021,182953
Maldives,MDV,1985,127154929.577465,NA,NA,66.8475852902082,71.6448825875055,189637
Maldives,MDV,1986,141902097.902098,NA,NA,60.746106840134,68.0751034890597,196357
Maldives,MDV,1987,141268980.477223,NA,NA,67.1768138195777,78.7150863723608,203124
Maldives,MDV,1988,168610478.359909,NA,NA,68.6790056741421,75.8553093758444,209885
Maldives,MDV,1989,189535398.230089,NA,NA,73.9703513481965,79.1936500525271,216595
Maldives,MDV,1990,215089005.235602,NA,NA,82.6266296674943,85.4529964461321,223215
Maldives,MDV,1991,244468292.682927,NA,NA,82.8615531965839,76.930086200016,229754
Maldives,MDV,1992,284853358.561968,NA,NA,83.3060214553788,78.0265933773955,236190
Maldives,MDV,1993,322326642.335766,NA,NA,79.7253488832904,67.1285871995924,242459
Maldives,MDV,1994,355884383.08887,NA,NA,79.2102674133876,77.73587169976,248433
Maldives,MDV,1995,398988954.970263,NA,NA,NA,NA,254082
Maldives,MDV,1996,450382327.952421,7.85864692730055,NA,NA,NA,259327
Maldives,MDV,1997,508223602.37893,8.39794082987038,NA,NA,NA,264275
Maldives,MDV,1998,540096397.621071,7.49468302465519,NA,NA,NA,269206
Maldives,MDV,1999,589239753.610875,6.17565582795811,NA,NA,NA,274484
Maldives,MDV,2000,624337145.284622,3.84581039203469,71.0834165856931,NA,NA,280384
Maldives,MDV,2001,870179738.562091,-3.94363435410109,71.561507559411,NA,NA,287027
Maldives,MDV,2002,897031250,7.26838631331684,74.5518285242228,NA,NA,294341
Maldives,MDV,2003,1052121054.6875,13.7500498204898,73.6119900521083,NA,NA,302209
Maldives,MDV,2004,1226829562.5,6.03375404861781,72.3713246466686,NA,NA,310423
Maldives,MDV,2005,1163362437.5,-13.1290534305083,73.3123508949087,NA,NA,318836
Maldives,MDV,2006,1575200390.625,26.1114935010553,75.3199519389498,66.4349997135781,49.3340009071266,327371
Maldives,MDV,2007,1868383460.9375,7.71386727084702,80.4377721032593,87.5455914569999,96.5477045512309,336070
Maldives,MDV,2008,2271646187.5,9.48533266057873,90.1236529290497,91.4299515145115,86.7102794727139,345054
Maldives,MDV,2009,2345294875,-7.22884146529458,94.206413557344,63.1064332715305,73.0056489032109,354501
Maldives,MDV,2010,2588176054.6875,7.26512906840138,100,65.4207135222082,77.5617934486833,364511
Maldives,MDV,2011,2774351760.03287,8.56673353050461,111.273414605594,82.7376455022764,88.0279050244333,375131
Maldives,MDV,2012,2886170571.69634,2.51738394219683,123.385187134304,74.3700053201992,86.1330858951477,386203
Maldives,MDV,2013,3295011381.75405,7.28107397899866,128.080631182548,72.823954125103,88.2514065447792,397397
Maldives,MDV,2014,3697351596.83753,7.32960638587076,130.796085435266,74.4897853913939,89.2313762797409,408247
Maldives,MDV,2015,4109424801.40835,2.88456754245505,132.042842431055,67.3861852981334,76.5339444383065,418403
Maldives,MDV,2016,4414055724.80263,7.28918630548748,132.706370144272,72.4473285090061,71.2996338309903,427756
Maldives,MDV,2017,4865546027.0157,6.91169442938974,136.294039954497,72.2902915044886,71.1821672091581,436330
Nepal,NPL,1960,508334413.965087,NA,NA,NA,NA,10063011
Nepal,NPL,1961,531959561.62226,1.90826596927236,NA,NA,NA,10221759
Nepal,NPL,1962,574091101.194382,1.91032003367357,NA,NA,NA,10384204
Nepal,NPL,1963,496947904.443033,1.89511164336658,NA,NA,NA,10552267
Nepal,NPL,1964,496098775.30864203,7.53244855331717,2.96946523316725,NA,NA,10728197
Nepal,NPL,1965,735267082.294264,-1.20318901706183,3.22103444747537,13.9235989632917,7.76508403722035,10913724
Nepal,NPL,1966,906811943.824649,7.04064314274792,3.68450814993644,8.75669391354193,5.64481095253116,11109884
Nepal,NPL,1967,841974025.462659,-1.5714974981418,3.5810349512398,6.95245507478636,6.87451275332014,11316826
Nepal,NPL,1968,772228643.405428,0.675483463917942,3.6232865073772,7.50034832007951,6.84511342966364,11534264
Nepal,NPL,1969,788641965.432099,4.46342160070982,3.77030467717114,10.2191610547171,7.01314974343331,11761473
Nepal,NPL,1970,865975308.641975,2.57599212629248,4.34479649905792,8.3029197080292,4.90419708029197,11997929
Nepal,NPL,1971,882765471.604938,-1.19538330011993,4.25792212599278,9.12955877692733,5.40389324663713,12243768
Nepal,NPL,1972,1024098804.93827,3.11780036344416,4.61512023062824,7.91783169378603,5.6611049990894,12499429
Nepal,NPL,1973,972101724.995368,-0.476536268362054,5.14261797478399,10.3721532602206,6.61049226159124,12764957
Nepal,NPL,1974,1217953546.97604,6.33359037348711,6.16118227436276,10.5480961332018,5.44971913841814,13040404
Nepal,NPL,1975,1575789254.46938,1.45647070823327,6.62856865067454,13.3667257662993,8.90109298052131,13325814
Nepal,NPL,1976,1452792989.10865,4.39853617983157,6.42220568283727,14.1773020247057,10.7738301182812,13621110
Nepal,NPL,1977,1382400000,3.01697344064642,7.05793037266478,14.3171290509259,11.7881938657407,13926260
Nepal,NPL,1978,1604162497.45945,4.40574138961394,7.57641237826099,15.4723280773433,10.5716598187042,14241403
Nepal,NPL,1979,1851250008.33333,2.36887779436333,7.84654586018423,15.9666895522544,11.7848295665774,14566691
Nepal,NPL,1980,1945916583.33333,-2.31939420324042,8.99877210487267,18.731533070598,11.5412625387034,14902163
Nepal,NPL,1981,2275583316.66667,8.34197413444542,10.001672363226,19.6176813243321,12.9014543003732,15249010
Nepal,NPL,1982,2395429852.43076,3.77937465429025,11.1717226646585,18.8072797549317,11.5915841381589,15607236
Nepal,NPL,1983,2447174803.37791,-2.97740585754977,12.5544733763075,21.3151667654028,10.231042950237,15974420
Nepal,NPL,1984,2581207387.79709,9.68113001523064,12.9117466911014,19.4490997081541,10.6524501037625,16347242
Nepal,NPL,1985,2619913955.51556,6.14490523816743,13.9514833333358,19.9995711157859,11.5292143562444,16723956
Nepal,NPL,1986,2850784523.37711,4.56565054522216,16.6021186133464,20.3027420859953,11.6622999066829,17101136
Nepal,NPL,1987,2957255379.54315,1.69561826463837,18.3869008266986,20.9066140548666,11.8132750845547,17480921
Nepal,NPL,1988,3487009748.35638,7.69680871148999,20.0385967498225,22.381868774868,11.4471692715783,17873667
Nepal,NPL,1989,3525228153.17361,4.3296479338953,21.8113887430962,22.2833234381476,11.0676046555915,18293514
Nepal,NPL,1990,3627562402.66027,4.63503634705982,23.6085818230517,21.6614450375184,10.5273091204456,18749406
Nepal,NPL,1991,3921476084.89072,6.36815040328669,27.2814758270693,23.1843038424568,11.4907512863386,19245054
Nepal,NPL,1992,3401211581.29176,4.10640661228756,31.9601189691023,25.735687007905,15.9597261292976,19773772
Nepal,NPL,1993,3660041666.66667,3.84985002161713,34.3588518816048,28.7566170694778,18.4329641055999,20321175
Nepal,NPL,1994,4066775510.20408,8.21600270932667,37.2275709419353,31.438134810711,18.9939379340801,20867130
Nepal,NPL,1995,4401104417.67068,3.46845188342333,40.065417323029,34.5173594159918,24.9731589825482,21396384
Nepal,NPL,1996,4521580381.47139,5.32828417450956,43.7596357549729,35.6401935616059,22.8175751366943,21903379
Nepal,NPL,1997,4918691916.53516,5.04861253590236,45.5143921624383,37.7076998213986,26.3278350735973,22389803
Nepal,NPL,1998,4856255044.39064,3.01638948168549,50.6322433252537,33.8875500673104,22.8220512223903,22856305
Nepal,NPL,1999,5033642384.10596,4.41257327097169,54.4049087921727,29.7185091627782,22.8484720906571,23305994
Nepal,NPL,2000,5494252207.90502,6.19999998759771,55.7535086649626,32.4265852938696,23.2840037102623,23740911
Nepal,NPL,2001,6007055042.53993,4.79989215513561,57.2523323210508,33.239147359415,22.560773717583,24161777
Nepal,NPL,2002,6050875806.66403,0.120143169198499,58.9867341827655,28.4935889762169,17.7371295242283,24566342
Nepal,NPL,2003,6330473096.54071,3.94503776730633,62.3531125994007,28.5480191211037,15.6998644945158,24950623
Nepal,NPL,2004,7273938314.71988,4.68260324535134,64.1250704069399,29.464591457087,16.6826952635217,25309449
Nepal,NPL,2005,8130258041.46706,3.47918104631147,68.5088735377306,29.4792606869219,14.5836867929394,25640287
Nepal,NPL,2006,9043715355.8881,3.36461478807166,73.2499176441865,31.3153967991879,13.4465909577363,25940618
Nepal,NPL,2007,10325618017.379,3.41156027569262,74.9121188718688,31.7236101436193,12.8556648764061,26214847
Nepal,NPL,2008,12545438605.3959,6.1046391423169,82.3342842988434,33.260386093191,12.7758202580003,26475859
Nepal,NPL,2009,12854985464.0764,4.53307872039284,91.4691280183192,34.6600935774767,12.4193541858921,26741103
Nepal,NPL,2010,16002656434.4746,4.81641465022444,100,36.4023696022884,9.58253617198229,27023137
Nepal,NPL,2011,18913574370.76,3.42182824087472,109.22707546126,32.9242242240778,8.90403042092126,27327147
Nepal,NPL,2012,18851513891.066,4.78119225754814,119.559749053898,33.584313684409,10.0738929802324,27649925
Nepal,NPL,2013,19271168018.482,4.12887767631092,130.368145393248,37.4569250583034,10.6890751741434,27985310
Nepal,NPL,2014,20002968837.9471,5.98898466088025,141.272338749022,40.7501080403152,11.5050876388893,28323241
Nepal,NPL,2015,21410840908.5198,3.32290543937557,152.388930465066,41.473327066661,11.6219397442892,28656282
Nepal,NPL,2016,21185922407.5922,0.588678498822517,165.784440634692,39.2830449286747,9.46839939713689,28982771
Nepal,NPL,2017,24880266905.4961,7.90574161030806,171.137501061775,42.8866002718701,9.0968284803142,29304998
Pakistan,PAK,1960,3707055900.88198,NA,2.05492021998509,NA,NA,44908293
Pakistan,PAK,1961,4054599181.01638,5.98734641929046,2.08862954117906,NA,NA,45984892
Pakistan,PAK,1962,4233095590.0882,4.48285862746644,2.077842558397,NA,NA,47119361
Pakistan,PAK,1963,4540529105.41789,8.68883151825305,2.10810609522716,NA,NA,48309315
Pakistan,PAK,1964,5130407727.84544,7.56975744905721,2.19621622103039,NA,NA,49551904
Pakistan,PAK,1965,5884712095.75809,10.419365822013,2.31851549671823,NA,NA,50845221
Pakistan,PAK,1966,6466610751.78496,5.78995180143455,2.48608902350917,NA,NA,52191095
Pakistan,PAK,1967,7403821902.56195,5.40061259720773,2.65542648216452,18.1118856343758,9.17074739532787,53590929
Pakistan,PAK,1968,8090088555.2289,7.23322092500283,2.65995736596076,14.7708517816886,9.15916585150988,55042397
Pakistan,PAK,1969,8632927257.45485,5.5078996342873,2.74472985598616,13.8652278167378,8.66431801181531,56542434
Pakistan,PAK,1970,10027088849.223,11.3534617181882,2.89156853668603,14.6699518847067,7.76879227899008,58090759
Pakistan,PAK,1971,10602058189.8362,0.468372548504419,3.02835972315656,12.7899569380444,7.14233133565939,59687140
Pakistan,PAK,1972,9309109764.07784,0.813406404583034,3.18532680436811,16.9824936772911,11.7743169427332,61338261
Pakistan,PAK,1973,6324884129.38617,7.06426385694034,3.92018437460937,16.3036318339294,13.5268281870513,63059481
Pakistan,PAK,1974,8773030424.24242,3.54019171279791,4.96542450074268,20.7773137953464,13.6805645583149,64870833
Pakistan,PAK,1975,11340000242.4242,4.21141563147363,6.00342213510048,22.3924166377906,10.8536162680716,66787901
Pakistan,PAK,1976,13338484979.798,5.15618958985225,6.43316652648057,19.374013712988,10.7216050318582,68813220
Pakistan,PAK,1977,15126059646.4646,3.94769828741481,7.08503721188583,19.0208155748173,9.28463791305433,70946231
Pakistan,PAK,1978,17820100626.2626,8.04853361937357,7.51996587169637,18.4791318407921,9.24068850358871,73194937
Pakistan,PAK,1979,19707979303.0303,3.75843556853272,8.14164498290189,22.7572841412272,10.692623058874,75567682
Pakistan,PAK,1980,23689696767.6768,10.2157040372709,9.11361336089085,24.0999167186853,12.4872846951092,78068144
Pakistan,PAK,1981,28100605515.1515,7.92076357199736,10.1963027533218,23.0123174462124,12.3171710467179,80696945
Pakistan,PAK,1982,30725972786.7299,6.53748679998569,10.7982444213045,21.7644989009652,9.94559491392133,83445863
Pakistan,PAK,1983,28691890433.0709,6.77837833870629,11.4852323487839,22.9775694925743,11.9185113867747,86297640
Pakistan,PAK,1984,31151824658.6524,5.06520560475867,12.1843575918412,22.6261362895481,11.0703895900145,89228949
Pakistan,PAK,1985,31144920554.0897,7.59211469875589,12.868489680361,22.8141781025853,10.4233487925896,92219488
Pakistan,PAK,1986,31899071053.9368,5.50165366386091,13.3197122359618,22.6666034475362,11.900748307973,95264460
Pakistan,PAK,1987,33351528115.351,6.45234302467672,13.9432370754524,21.0036268194504,13.2348300695276,98357473
Pakistan,PAK,1988,38472741737.3968,7.6252787795907,15.1755315864761,21.6701851338998,13.5864231952619,101474835
Pakistan,PAK,1989,40171019643.3511,4.95976889440846,16.3659404594271,21.7469583961668,13.8831101387703,104588490
Pakistan,PAK,1990,40010424928.715,4.45858681509816,17.847406919667,23.3711880007087,15.5383068866323,107678614
Pakistan,PAK,1991,45451960731.7204,5.06156775497072,19.9518429173777,18.5577403503802,16.9969431232075,110730420
Pakistan,PAK,1992,48635176852.7673,7.70589782310797,21.8490719328046,20.5285578209166,17.3593018277404,113747135
Pakistan,PAK,1993,51478304859.5879,1.75774769734467,24.0282251206176,22.4408701607827,16.3064751946864,116749560
Pakistan,PAK,1994,51894781281.8919,3.73741555244789,27.0000827128902,19.044535149484,16.2825154506042,119769556
Pakistan,PAK,1995,60636022422.6176,4.96260915003212,30.3328591222246,19.4227840177671,16.709969655752,122829148
Pakistan,PAK,1996,63320122807.1223,4.84658128374571,33.4795318669836,21.4270250588042,16.9031017751853,125938339
Pakistan,PAK,1997,62433300338.0941,1.0143960141849,37.2879936329499,20.7703128757754,16.081953225121,129086987
Pakistan,PAK,1998,62191955814.3478,2.55023429463535,39.6102914254448,17.5269340049655,16.4847911755655,132253264
Pakistan,PAK,1999,62973855718.8874,3.66013274390127,41.2512020854671,16.9664634820763,15.3534993273502,135405584
Pakistan,PAK,2000,73952374969.7995,4.26008801156799,43.0525036880848,14.6882826974962,13.4413246244032,138523285
Pakistan,PAK,2001,72309738921.3329,1.98248403238117,44.4079090631941,15.7119941622942,14.6595396108149,141601437
Pakistan,PAK,2002,72306820396.2325,3.224429972602,45.8690823570402,15.3140127214017,15.2236171954973,144654143
Pakistan,PAK,2003,83244801092.7096,4.84632093539447,47.2057692028511,16.1255283400278,16.718967406999,147703401
Pakistan,PAK,2004,97977766197.6724,7.36857135930246,50.7200615536489,14.6332292069255,15.6668995032426,150780300
Pakistan,PAK,2005,109502102510.883,7.66730427146116,55.3169867746759,19.5637946011112,15.6894954323083,153909667
Pakistan,PAK,2006,137264061106.043,6.17754203617736,59.69869198496,21.5477668399836,14.1339628244825,157093993
Pakistan,PAK,2007,152385716311.916,4.83281727717085,64.2350071860982,19.7758151541605,13.2146134120422,160332974
Pakistan,PAK,2008,170077814106.305,1.7014054654513,77.2657985279387,23.2118906101766,12.3823108823915,163644603
Pakistan,PAK,2009,168152775283.032,2.83165851919991,87.8108531858369,19.6760958406122,12.3957524208681,167049580
Pakistan,PAK,2010,177406854514.885,1.60669195949077,100,19.3526587348244,13.5162678459051,170560182
Pakistan,PAK,2011,213587413183.996,2.74840254954,111.916769465206,18.973235487874,13.966669657767,174184265
Pakistan,PAK,2012,224383620829.57,3.50703342009689,122.752944875795,20.4088394482827,12.3966627590851,177911533
Pakistan,PAK,2013,231218567178.979,4.39645663349772,132.195293036306,20.0564452502461,13.2771534315669,181712595
Pakistan,PAK,2014,244360888750.807,4.67470798143725,141.699320320248,18.6586609892683,12.2425836268349,185546257
Pakistan,PAK,2015,270556126820.064,4.73114747532901,145.283361149409,17.050261447154,10.6044115695422,189380513
Pakistan,PAK,2016,278654637737.69,5.52673584474448,150.753452821518,16.1605045709581,9.14572693911771,193203476
Pakistan,PAK,2017,304951818494.066,5.7006212410121,156.912294705271,17.5526904717731,8.23544134850064,197015955
Sri Lanka,LKA,1960,1409873949.57983,NA,1.48766903447727,32.9126434212487,29.9532498882432,9874481
Sri Lanka,LKA,1961,1444327731.09244,NA,1.50454580122017,28.4854295359203,27.5375436843795,10111646
Sri Lanka,LKA,1962,1434156378.60082,3.81801955804475,1.52716785026373,29.2012956134026,27.7926736422291,10352188
Sri Lanka,LKA,1963,1240672268.90756,2.51674859426929,1.56187893079886,27.4925716773732,25.7568075413568,10597520
Sri Lanka,LKA,1964,1309747899.15966,3.90643383740719,1.61179107074419,26.7217396876675,24.6155221290607,10849979
Sri Lanka,LKA,1965,1698319327.73109,2.53695353505728,1.6153818721815,25.4948045522019,25.9030183077684,11110828
Sri Lanka,LKA,1966,1751470588.23529,5.0237894388105,1.61286831117347,25.8486266042941,22.3701571308624,11380683
Sri Lanka,LKA,1967,1859465020.57613,6.43902441989306,1.64817785861561,23.304193869647,20.4603297554498,11657660
Sri Lanka,LKA,1968,1801344537.81513,5.8010941668135,1.74477041721725,23.5886908649809,20.6214425678828,11937611
Sri Lanka,LKA,1969,1965546218.48739,7.71681966165517,1.87487712254117,24.617357845233,18.3924754168448,12214968
Sri Lanka,LKA,1970,2296470588.23529,3.8466298552930702,1.98487533983075,28.6007025761124,25.4537470725995,12485756
Sri Lanka,LKA,1971,2369308600.33727,1.30690540231168,2.03777981430398,26.6120996441281,24.6120996441281,12747842
Sri Lanka,LKA,1972,2553936348.40871,-0.410479918822958,2.1671683593457,23.8997835639798,22.3257034170656,13002275
Sri Lanka,LKA,1973,2875625000,7.05739893457458,2.37579392271312,25.5596609432732,24.3479678330798,13252087
Sri Lanka,LKA,1974,3574586466.16541,3.84583083731744,2.66808515951288,33.8984476883598,26.4313659501073,13501986
Sri Lanka,LKA,1975,3791298145.50642,6.12623316500047,2.8448722834955,34.9587989615081,27.4899349061218,13755161
Sri Lanka,LKA,1976,3591319857.31272,3.33510669021624,2.88269539194328,31.3809886435122,29.0467834321094,14012817
Sri Lanka,LKA,1977,4104509582.86359,5.100590267645,2.91800493938423,30.1562886258137,33.8149257011014,14273272
Sri Lanka,LKA,1978,2733183856.50224,5.65383685205222,3.27229734763165,39.5452947380757,34.7708894878706,14533376
Sri Lanka,LKA,1979,3364611432.24149,6.40355692521604,3.62347772796402,45.7537175253403,33.7106534063794,14788607
Sri Lanka,LKA,1980,4024621899.57653,5.8460265156252,4.57085083987479,54.7988034933185,32.2184977527921,15035856
Sri Lanka,LKA,1981,4415844155.84416,5.69952476907687,5.39218682142123,46.5360861125816,30.459384742074,15273391
Sri Lanka,LKA,1982,4768765016.81884,4.14149569994117,5.97593144135499,46.2574820129386,27.3564561962152,15502515
Sri Lanka,LKA,1983,5167913302.16745,4.81399097113133,6.81043369482823,41.4314027022804,26.3287308492529,15726802
Sri Lanka,LKA,1984,6043474842.76729,5.09914656058612,7.94357093430771,34.7436681279513,28.8040014049146,15951422
Sri Lanka,LKA,1985,5978460972.01767,4.99940636915493,8.06122952799179,37.9652040030793,26.0120092378753,16179796
Sri Lanka,LKA,1986,6405210563.88294,4.3555469169942,8.70422237161244,35.3293513266546,23.7181987363072,16412711
Sri Lanka,LKA,1987,6682167119.56522,1.72561069100101,9.37594162670882,35.6963852726931,25.1922754329692,16647945
Sri Lanka,LKA,1988,6978371581.26375,2.4726850377301,10.6877810842647,36.8367705489634,26.0764386301592,16882189
Sri Lanka,LKA,1989,6987267683.77254,2.29930141383986,11.9240940183063,36.7567717782692,27.2602038183182,17110713
Sri Lanka,LKA,1990,8032551173.24014,6.3999953069393,14.4872080825492,38.0631106580812,30.1808045148298,17329713
Sri Lanka,LKA,1991,9000362581.58086,4.59998724452278,16.2525657613351,38.8548254978582,28.7410868952182,17539633
Sri Lanka,LKA,1992,9703011635.86585,4.39999125185615,18.1026663539849,41.03338247708,31.7703740803183,17740637
Sri Lanka,LKA,1993,10338679635.7616,6.90006325197233,20.229138963742,43.3465114649745,33.8010068759821,17928576
Sri Lanka,LKA,1994,11717604208.8223,5.59991872721346,21.9382407533809,45.617906901244,33.8128837957878,18098348
Sri Lanka,LKA,1995,13029697560.9756,5.50008523205227,23.6219675462129,46.0374199577101,35.597629130901,18247121
Sri Lanka,LKA,1996,13897738375.2488,3.79996720523084,27.3863243838163,43.9006259373438,34.9733377770372,18372120
Sri Lanka,LKA,1997,15091913883.7091,6.40539969772809,30.0082078982108,43.599435228784,36.5381180807663,18476505
Sri Lanka,LKA,1998,15794972847.1683,4.69842304623258,32.8182494077947,42.2511704483166,36.2438186772706,18570701
Sri Lanka,LKA,1999,15656327859.5696,4.30054049792376,34.3579850630866,43.2677736325718,35.4837047170656,18669103
Sri Lanka,LKA,2000,16330814179.9766,6.00003316014399,36.4800290177408,49.620740818488,39.015700886425,18781938
Sri Lanka,LKA,2001,15749753804.8344,-1.54540813414314,41.6450378017238,43.5674130558662,37.3311884768914,18913054
Sri Lanka,LKA,2002,16536535647.0834,3.96467568566092,45.6225685511801,41.4218015848181,34.9133301978336,19059300
Sri Lanka,LKA,2003,18881765437.2151,5.94026907760478,48.5034685424131,40.6827444981201,34.6535028324228,19215307
Sri Lanka,LKA,2004,20662525941.2986,5.44506127789968,52.1780553441436,44.1520421686776,35.3309027324412,19372538
Sri Lanka,LKA,2005,24405791044.7761,6.24174804465225,58.2514171977792,41.267099970564,32.3368729874893,19524558
Sri Lanka,LKA,2006,28279814924.5918,7.66829190011271,64.088316153921,41.132651394503696,30.1285270937972,19670151
Sri Lanka,LKA,2007,32350248410.8216,6.79682611895811,74.241258652681,39.491511973103,29.1149996870361,19810789
Sri Lanka,LKA,2008,40713812309.7316,5.9500881450785,90.9934241427903,38.5275565094015,24.8414870988205,19945832
Sri Lanka,LKA,2009,42066217871.5349,3.53891205299132,94.1463128229218,27.8207752870405,21.328366243783,20075086
Sri Lanka,LKA,2010,56725749222.0435,8.01596737114569,100,26.8115666916947,19.5523202562715,20198353
Sri Lanka,LKA,2011,65292753005.7475,8.40473302136866,106.716768435885,34.087737450689,20.8968387281115,20315017
Sri Lanka,LKA,2012,68434409314.841,9.1445722454058,114.766322217003,31.6755983187142,19.8164817812305,20425000
Sri Lanka,LKA,2013,74317806538.3789,3.39573265051311,122.694896603917,28.9373940401417,20.320398302451,20585000
Sri Lanka,LKA,2014,79356449840.8881,4.96070059189285,126.595370167296,29.1621204110948,21.0887622906703,20771000
Sri Lanka,LKA,2015,80604080688.7961,5.00768330402408,131.365949371736,28.5456934016977,21.013103191302,20966000
Sri Lanka,LKA,2016,81787420023.358,4.46882968833408,136.566580789574,28.6756428337663,21.3328438402052,21203000
Sri Lanka,LKA,2017,87357205923.1238,3.30879963339585,147.08785819643,29.0788930347715,21.8901715225959,21444000
